entry_time,direction,pnl,classification,candidate_entry_time,candidate_direction,candidate_pnl,source_exit_time,candidate_exit_time,source_entry_price,candidate_entry_price,source_exit_price,candidate_exit_price,source_exit_reason,candidate_exit_reason,entry_bar_delta,note
2021-01-28T06:30:00,short,-260.5,no_near_match,,,,2021-01-28T11:00:00,,12977.75,,13108.0,,atr_stop,,,no_same_side_trade_within_5_bars
2021-01-28T23:00:00,long,277.0,near_match_entry_shift,2021-01-28T23:15:00,long,154.5,2021-01-29T05:30:00,2021-01-29T05:30:00,13120.0,13181.25,13258.5,13258.5,opposite_10,long_exit_opposite_10,1,same_side_trade_within_1_bar
2021-01-29T22:45:00,long,-244.0,no_near_match,,,,2021-01-29T23:45:00,,13137.5,,13015.5,,atr_stop,,,no_same_side_trade_within_5_bars
2021-02-17T23:00:00,short,33.5,near_match_entry_shift,2021-02-17T23:15:00,short,-51.5,2021-02-18T03:15:00,2021-02-17T23:45:00,13676.75,13629.5,13660.0,13655.25,opposite_10,short_atr_stop,1,same_side_trade_within_1_bar
2021-02-19T18:45:00,long,-30.5,no_near_match,,,,2021-02-19T23:45:00,,13685.0,,13669.75,,atr_stop,,,no_same_side_trade_within_5_bars
2021-03-05T23:15:00,long,-201.0,no_near_match,,,,2021-03-05T23:45:00,,12594.0,,12493.5,,atr_stop,,,no_same_side_trade_within_5_bars
2021-03-19T03:30:00,short,100.5,near_match_entry_shift,2021-03-19T03:45:00,short,-6.0,2021-03-19T16:30:00,2021-03-19T16:30:00,12886.0,12832.75,12835.75,12835.75,opposite_10,short_exit_opposite_10,1,same_side_trade_within_1_bar
2021-03-26T19:45:00,short,-13.0,near_match_entry_shift,2021-03-26T20:00:00,short,-32.0,2021-03-26T22:45:00,2021-03-26T22:45:00,12786.25,12776.75,12792.75,12792.75,opposite_10,short_atr_stop,1,same_side_trade_within_1_bar
2021-03-29T14:15:00,short,-109.5,no_near_match,,,,2021-03-29T15:45:00,,12828.25,,12883.0,,atr_stop,,,no_same_side_trade_within_5_bars
2021-04-21T00:00:00,short,-16.0,no_near_match,,,,2021-04-21T04:45:00,,13804.75,,13812.75,,opposite_10,,,no_same_side_trade_within_5_bars
2021-04-23T02:45:00,short,-19.0,near_match_entry_shift,2021-04-23T03:00:00,short,-85.0,2021-04-23T10:30:00,2021-04-23T10:30:00,13765.5,13732.5,13775.0,13775.0,opposite_10,short_exit_opposite_10,1,same_side_trade_within_1_bar
2021-04-30T01:00:00,short,-124.5,near_match_entry_shift,2021-04-30T01:15:00,short,-132.5,2021-04-30T03:00:00,2021-04-30T02:30:00,13861.5,13841.0,13923.75,13907.25,atr_stop,short_atr_stop,1,same_side_trade_within_1_bar
2021-06-01T23:15:00,short,-55.5,near_match_price_diff,2021-06-02T00:00:00,short,-80.0,2021-06-02T03:45:00,2021-06-02T00:45:00,13657.75,13614.75,13685.5,13654.75,opposite_10,short_atr_stop,3,same_side_trade_within_5_bars_but_price_diff
2021-07-16T00:00:00,short,32.0,near_match_price_diff,2021-07-16T01:15:00,short,-32.5,2021-07-16T12:30:00,2021-07-16T12:30:00,14779.5,14747.25,14763.5,14763.5,opposite_10,short_exit_opposite_10,5,same_side_trade_within_5_bars_but_price_diff
2021-07-20T07:00:00,long,3.5,no_near_match,,,,2021-07-20T19:00:00,,14593.5,,14595.25,,opposite_10,,,no_same_side_trade_within_5_bars
2021-07-21T00:00:00,long,135.5,near_match_entry_shift,2021-07-21T00:15:00,long,107.0,2021-07-21T11:15:00,2021-07-21T11:15:00,14651.25,14665.5,14719.0,14719.0,opposite_10,long_exit_opposite_10,1,same_side_trade_within_1_bar
2021-07-23T05:15:00,long,93.5,near_match_entry_shift,2021-07-23T05:30:00,long,66.5,2021-07-23T20:15:00,2021-07-23T20:15:00,14945.25,14958.75,14992.0,14992.0,opposite_10,long_exit_opposite_10,1,same_side_trade_within_1_bar
2021-08-11T21:45:00,long,-54.0,no_near_match,,,,2021-08-11T22:45:00,,15098.0,,15071.0,,atr_stop,,,no_same_side_trade_within_5_bars
2021-08-16T23:00:00,short,17.5,near_match_entry_shift,2021-08-16T23:15:00,short,-74.5,2021-08-17T02:00:00,2021-08-17T02:00:00,15031.75,14985.75,15023.0,15023.0,opposite_10,short_atr_stop,1,same_side_trade_within_1_bar
2021-08-17T04:30:00,long,-6.5,near_match_price_diff,2021-08-17T05:00:00,long,-40.0,2021-08-17T09:30:00,2021-08-17T09:30:00,15117.25,15134.0,15114.0,15114.0,opposite_10,long_exit_opposite_10,2,same_side_trade_within_5_bars_but_price_diff
2021-09-08T23:45:00,short,-69.5,near_match_entry_shift,2021-09-09T00:00:00,short,-99.0,2021-09-09T01:30:00,2021-09-09T01:30:00,15565.0,15550.25,15599.75,15599.75,atr_stop,short_atr_stop,1,same_side_trade_within_1_bar
2021-09-14T21:45:00,long,-107.0,no_near_match,,,,2021-09-14T23:00:00,,15485.75,,15432.25,,atr_stop,,,no_same_side_trade_within_5_bars
2021-09-16T02:00:00,long,115.5,no_near_match,,,,2021-09-16T09:15:00,,15439.25,,15497.0,,opposite_10,,,no_same_side_trade_within_5_bars
2021-09-27T18:30:00,short,209.5,near_match_entry_shift,2021-09-27T18:45:00,short,155.0,2021-09-28T03:15:00,2021-09-28T03:15:00,15312.5,15285.25,15207.75,15207.75,opposite_10,short_exit_opposite_10,1,same_side_trade_within_1_bar
2021-10-07T02:45:00,long,302.5,near_match_price_diff,2021-10-07T03:15:00,long,227.5,2021-10-07T14:00:00,2021-10-07T14:00:00,14692.5,14730.0,14843.75,14843.75,opposite_10,long_exit_opposite_10,2,same_side_trade_within_5_bars_but_price_diff
2021-10-12T05:15:00,short,75.0,no_near_match,,,,2021-10-12T14:15:00,,14690.75,,14653.25,,opposite_10,,,no_same_side_trade_within_5_bars
2021-11-11T04:30:00,short,-154.0,near_match_entry_shift,2021-11-11T04:45:00,short,-145.5,2021-11-11T09:15:00,2021-11-11T06:00:00,15937.75,15905.75,16014.75,15978.5,opposite_10,short_atr_stop,1,same_side_trade_within_1_bar
2021-11-12T23:15:00,long,-123.5,side_conflict,,,,2021-11-12T23:45:00,,16087.0,,16025.25,,atr_stop,,2,opposite_side_within_5_bars
2021-11-13T01:00:00,long,213.0,near_match_entry_shift,2021-11-13T01:15:00,long,147.0,2021-11-15T12:15:00,2021-11-15T12:15:00,16108.25,16141.25,16214.75,16214.75,opposite_10,long_exit_opposite_10,1,same_side_trade_within_1_bar
2021-11-24T01:00:00,short,-159.0,no_near_match,,,,2021-11-24T01:30:00,,16167.5,,16247.0,,atr_stop,,,no_same_side_trade_within_5_bars
2021-11-30T01:45:00,long,118.5,near_match_entry_shift,2021-11-30T02:00:00,long,98.5,2021-11-30T11:30:00,2021-11-30T11:30:00,16343.75,16353.75,16403.0,16403.0,opposite_10,long_exit_opposite_10,1,same_side_trade_within_1_bar
2021-12-02T03:00:00,short,534.5,near_match_entry_shift,2021-12-02T03:15:00,short,479.5,2021-12-02T11:00:00,2021-12-02T11:00:00,16243.5,16216.0,15976.25,15976.25,opposite_10,short_exit_opposite_10,1,same_side_trade_within_1_bar
2021-12-14T23:30:00,short,-217.0,no_near_match,,,,2021-12-14T23:45:00,,15882.75,,15991.25,,atr_stop,,,no_same_side_trade_within_5_bars
2021-12-16T05:15:00,long,303.0,no_near_match,,,,2021-12-16T11:00:00,,16131.25,,16282.75,,opposite_10,,,no_same_side_trade_within_5_bars
2021-12-18T01:00:00,long,-163.5,near_match_entry_shift,2021-12-18T01:15:00,long,-302.0,2021-12-18T02:00:00,2021-12-18T01:45:00,15897.25,15950.5,15815.5,15799.5,atr_stop,long_atr_stop,1,same_side_trade_within_1_bar
2021-12-22T05:00:00,long,-89.0,no_near_match,,,,2021-12-22T12:00:00,,15974.0,,15929.5,,opposite_10,,,no_same_side_trade_within_5_bars
2022-01-04T00:00:00,short,-140.5,no_near_match,,,,2022-01-04T00:15:00,,16317.0,,16387.25,,atr_stop,,,no_same_side_trade_within_5_bars
2022-01-14T02:30:00,short,259.0,no_near_match,,,,2022-01-14T13:30:00,,15631.5,,15502.0,,opposite_10,,,no_same_side_trade_within_5_bars
2022-01-15T00:00:00,long,-222.5,no_near_match,,,,2022-01-15T00:45:00,,15579.25,,15468.0,,atr_stop,,,no_same_side_trade_within_5_bars
2022-01-18T18:30:00,short,-116.0,no_near_match,,,,2022-01-18T21:30:00,,15297.5,,15355.5,,atr_stop,,,no_same_side_trade_within_5_bars
2022-02-09T01:15:00,long,-53.0,near_match_price_diff,2022-02-09T01:45:00,long,-107.5,2022-02-09T04:30:00,2022-02-09T04:30:00,14664.5,14691.75,14638.0,14638.0,opposite_10,long_exit_opposite_10,2,same_side_trade_within_5_bars_but_price_diff
2022-02-10T23:15:00,short,-184.0,no_near_match,,,,2022-02-10T23:45:00,,14737.5,,14829.5,,atr_stop,,,no_same_side_trade_within_5_bars
2022-03-05T00:15:00,short,-165.0,near_match_price_diff,2022-03-05T01:00:00,short,-238.5,2022-03-05T03:15:00,2022-03-05T03:15:00,13818.5,13781.75,13901.0,13901.0,atr_stop,short_atr_stop,3,same_side_trade_within_5_bars_but_price_diff
2022-03-10T02:45:00,long,-35.0,no_near_match,,,,2022-03-10T10:45:00,,13729.75,,13712.25,,opposite_10,,,no_same_side_trade_within_5_bars
2022-04-02T01:00:00,short,-113.0,near_match_price_diff,2022-04-02T02:15:00,short,-177.5,2022-04-02T03:30:00,2022-04-02T03:30:00,14764.75,14732.5,14821.25,14821.25,opposite_10,short_exit_opposite_10,5,same_side_trade_within_5_bars_but_price_diff
2022-04-19T23:00:00,long,218.5,near_match_entry_shift,2022-04-19T23:15:00,long,107.0,2022-04-20T03:15:00,2022-04-20T03:15:00,14014.5,14070.25,14123.75,14123.75,opposite_10,long_exit_opposite_10,1,same_side_trade_within_1_bar
2022-04-20T04:15:00,long,-280.0,near_match_entry_shift,2022-04-20T04:30:00,long,-302.0,2022-04-20T05:15:00,2022-04-20T05:15:00,14206.5,14217.5,14066.5,14066.5,atr_stop,long_atr_stop,1,same_side_trade_within_1_bar
2022-04-22T00:45:00,short,633.0,near_match_entry_shift,2022-04-22T01:00:00,short,524.0,2022-04-22T13:30:00,2022-04-22T13:30:00,14019.75,13965.25,13703.25,13703.25,opposite_10,short_exit_opposite_10,1,same_side_trade_within_1_bar
2022-05-03T05:00:00,long,24.0,no_near_match,,,,2022-05-03T15:15:00,,13071.25,,13083.25,,opposite_10,,,no_same_side_trade_within_5_bars
2022-05-04T23:00:00,short,-103.0,near_match_entry_shift,2022-05-04T23:15:00,short,-190.0,2022-05-05T01:45:00,2022-05-05T01:30:00,13018.25,12963.0,13069.75,13058.0,atr_stop,short_atr_stop,1,same_side_trade_within_1_bar
2022-05-05T23:00:00,short,643.5,near_match_entry_shift,2022-05-05T23:15:00,short,498.0,2022-05-06T12:45:00,2022-05-06T12:45:00,13174.75,13102.0,12853.0,12853.0,opposite_10,short_exit_opposite_10,1,same_side_trade_within_1_bar
2022-06-09T01:45:00,short,-32.5,no_near_match,,,,2022-06-09T17:45:00,,12613.75,,12630.0,,opposite_10,,,no_same_side_trade_within_5_bars
2022-06-09T21:45:00,short,-171.5,no_near_match,,,,2022-06-09T23:00:00,,12553.5,,12639.25,,atr_stop,,,no_same_side_trade_within_5_bars
2022-06-30T22:45:00,short,-128.5,near_match_entry_shift,2022-06-30T23:00:00,short,-179.0,2022-07-01T00:15:00,2022-07-01T00:00:00,11440.25,11398.0,11504.5,11487.5,atr_stop,short_atr_stop,1,same_side_trade_within_1_bar
2022-07-15T22:00:00,long,280.5,no_near_match,,,,2022-07-18T09:45:00,,11892.75,,12033.0,,opposite_10,,,no_same_side_trade_within_5_bars
2022-07-18T12:30:00,long,28.0,near_match_entry_shift,2022-07-18T12:45:00,long,18.5,2022-07-18T21:30:00,2022-07-18T21:30:00,12093.25,12098.0,12107.25,12107.25,opposite_10,long_exit_opposite_10,1,same_side_trade_within_1_bar
2022-07-19T03:00:00,short,99.5,near_match_price_diff,2022-07-19T03:45:00,short,44.5,2022-07-19T08:45:00,2022-07-19T08:45:00,11988.0,11960.5,11938.25,11938.25,opposite_10,short_exit_opposite_10,3,same_side_trade_within_5_bars_but_price_diff
2022-08-19T23:00:00,short,180.0,near_match_entry_shift,2022-08-19T23:15:00,short,143.5,2022-08-22T12:00:00,2022-08-22T12:00:00,13308.75,13290.5,13218.75,13218.75,opposite_10,short_exit_opposite_10,1,same_side_trade_within_1_bar
2022-09-08T02:45:00,long,101.5,no_near_match,,,,2022-09-08T16:30:00,,12208.75,,12259.5,,opposite_10,,,no_same_side_trade_within_5_bars
2022-09-08T21:45:00,short,-74.5,near_match_entry_shift,2022-09-08T22:00:00,short,-131.0,2022-09-08T23:00:00,2022-09-08T23:00:00,12210.0,12181.75,12247.25,12247.25,atr_stop,short_atr_stop,1,same_side_trade_within_1_bar
2022-09-14T04:30:00,short,-0.5,near_match_entry_shift,2022-09-14T04:45:00,short,-95.0,2022-09-14T11:15:00,2022-09-14T11:15:00,12153.0,12105.75,12153.25,12153.25,opposite_10,short_exit_opposite_10,1,same_side_trade_within_1_bar
2022-10-04T09:30:00,long,-73.5,no_near_match,,,,2022-10-04T11:30:00,,11387.0,,11350.25,,atr_stop,,,no_same_side_trade_within_5_bars
2022-10-10T23:45:00,short,-146.5,no_near_match,,,,2022-10-11T03:00:00,,10962.25,,11035.5,,atr_stop,,,no_same_side_trade_within_5_bars
2022-10-28T05:15:00,short,-205.0,near_match_entry_shift,2022-10-28T05:30:00,short,-125.0,2022-10-28T07:15:00,2022-10-28T05:45:00,11058.25,11013.5,11160.75,11076.0,atr_stop,short_atr_stop,1,same_side_trade_within_1_bar
2022-11-01T23:15:00,short,97.5,near_match_price_diff,2022-11-01T23:45:00,short,37.0,2022-11-02T09:45:00,2022-11-02T09:45:00,11402.75,11372.5,11354.0,11354.0,opposite_10,short_exit_opposite_10,2,same_side_trade_within_5_bars_but_price_diff
2022-11-28T10:00:00,short,-19.5,near_match_entry_shift,2022-11-28T10:15:00,short,-51.5,2022-11-28T17:15:00,2022-11-28T17:15:00,11704.75,11688.75,11714.5,11714.5,opposite_10,short_exit_opposite_10,1,same_side_trade_within_1_bar
2022-11-29T23:45:00,short,-83.5,no_near_match,,,,2022-11-30T00:30:00,,11584.25,,11626.0,,atr_stop,,,no_same_side_trade_within_5_bars
2022-11-30T01:15:00,short,-32.0,near_match_entry_shift,2022-11-30T01:30:00,short,-87.5,2022-11-30T10:15:00,2022-11-30T10:15:00,11517.25,11489.5,11533.25,11533.25,opposite_10,short_exit_opposite_10,1,same_side_trade_within_1_bar
2022-12-02T22:45:00,short,-58.0,no_near_match,,,,2022-12-02T23:00:00,,11795.5,,11824.5,,atr_stop,,,no_same_side_trade_within_5_bars
2022-12-07T00:00:00,short,157.5,near_match_entry_shift,2022-12-07T00:15:00,short,94.0,2022-12-07T09:15:00,2022-12-07T09:15:00,11664.75,11633.0,11586.0,11586.0,opposite_10,short_exit_opposite_10,1,same_side_trade_within_1_bar
2022-12-16T01:15:00,short,8.0,no_near_match,,,,2022-12-16T11:30:00,,11477.25,,11473.25,,opposite_10,,,no_same_side_trade_within_5_bars
2023-01-04T00:00:00,short,114.5,near_match_entry_shift,2023-01-04T00:15:00,short,37.0,2023-01-04T05:00:00,2023-01-04T05:00:00,10995.0,10956.25,10937.75,10937.75,opposite_10,short_exit_opposite_10,1,same_side_trade_within_1_bar
2023-01-06T18:30:00,short,-34.5,no_near_match,,,,2023-01-06T19:30:00,,10789.0,,10806.25,,atr_stop,,,no_same_side_trade_within_5_bars
2023-01-19T19:45:00,short,1.5,near_match_price_diff,2023-01-19T20:15:00,short,-18.5,2023-01-19T23:30:00,2023-01-19T23:30:00,11408.25,11398.25,11407.5,11407.5,opposite_10,short_exit_opposite_10,2,same_side_trade_within_5_bars_but_price_diff
2023-01-26T00:00:00,short,-154.0,near_match_entry_shift,2023-01-26T00:15:00,short,-159.0,2023-01-26T01:15:00,2023-01-26T01:15:00,11624.25,11621.75,11701.25,11701.25,atr_stop,short_atr_stop,1,same_side_trade_within_1_bar
2023-01-31T12:45:00,short,-11.0,no_near_match,,,,2023-01-31T16:15:00,,11928.0,,11933.5,,atr_stop,,,no_same_side_trade_within_5_bars
2023-02-16T22:45:00,short,-84.5,near_match_entry_shift,2023-02-16T23:00:00,short,-111.0,2023-02-17T00:45:00,2023-02-17T00:30:00,12587.25,12559.0,12629.5,12614.5,atr_stop,short_atr_stop,1,same_side_trade_within_1_bar
2023-02-21T09:15:00,short,462.0,near_match_price_diff,2023-02-21T10:15:00,short,-30.0,2023-02-22T10:30:00,2023-02-21T11:45:00,12360.0,12336.75,12129.0,12351.75,opposite_10,short_atr_stop,4,same_side_trade_within_5_bars_but_price_diff
2023-02-27T22:45:00,long,-41.0,no_near_match,,,,2023-02-28T00:45:00,,12124.75,,12104.25,,atr_stop,,,no_same_side_trade_within_5_bars
2023-03-01T18:15:00,long,-45.0,no_near_match,,,,2023-03-01T22:15:00,,12119.25,,12096.75,,opposite_10,,,no_same_side_trade_within_5_bars
2023-03-03T04:00:00,long,59.0,no_near_match,,,,2023-03-03T09:30:00,,11999.25,,12028.75,,opposite_10,,,no_same_side_trade_within_5_bars
2023-03-15T19:45:00,short,-190.0,near_match_entry_shift,2023-03-15T20:00:00,short,5.0,2023-03-15T22:45:00,2023-03-15T21:45:00,12170.0,12135.25,12265.0,12132.75,atr_stop,short_atr_stop,1,same_side_trade_within_1_bar
2023-03-28T23:45:00,short,-93.0,no_near_match,,,,2023-03-29T00:30:00,,12657.5,,12704.0,,atr_stop,,,no_same_side_trade_within_5_bars
2023-03-29T10:30:00,long,-47.5,no_near_match,,,,2023-03-29T12:30:00,,12789.75,,12766.0,,atr_stop,,,no_same_side_trade_within_5_bars
2023-03-29T22:30:00,long,-52.5,near_match_entry_shift,2023-03-29T22:45:00,long,-64.5,2023-03-30T00:00:00,2023-03-29T23:45:00,12887.25,12909.5,12861.0,12877.25,atr_stop,long_atr_stop,1,same_side_trade_within_1_bar
2023-04-17T23:45:00,short,-14.5,near_match_price_diff,2023-04-18T00:45:00,short,-65.0,2023-04-18T03:45:00,2023-04-18T03:45:00,13122.5,13097.25,13129.75,13129.75,opposite_10,short_exit_opposite_10,4,same_side_trade_within_5_bars_but_price_diff
2023-04-20T08:45:00,short,128.0,no_near_match,,,,2023-04-20T20:00:00,,13128.0,,13064.0,,opposite_10,,,no_same_side_trade_within_5_bars
2023-05-08T21:45:00,short,-50.5,near_match_price_diff,2023-05-08T22:45:00,short,-50.5,2023-05-09T01:00:00,2023-05-09T00:15:00,13296.0,13276.5,13321.25,13301.75,atr_stop,short_atr_stop,4,same_side_trade_within_5_bars_but_price_diff
2023-06-21T23:45:00,short,-42.5,near_match_entry_shift,2023-06-22T00:00:00,short,-70.0,2023-06-22T03:00:00,2023-06-22T03:00:00,15071.25,15057.5,15092.5,15092.5,opposite_10,short_exit_opposite_10,1,same_side_trade_within_1_bar
2023-06-23T13:30:00,short,-43.0,no_near_match,,,,2023-06-23T15:00:00,,15128.75,,15150.25,,atr_stop,,,no_same_side_trade_within_5_bars
2023-07-27T22:45:00,long,-47.0,no_near_match,,,,2023-07-27T23:00:00,,15894.0,,15870.5,,atr_stop,,,no_same_side_trade_within_5_bars
2023-08-25T03:45:00,short,172.5,near_match_price_diff,2023-08-25T04:45:00,short,74.0,2023-08-25T15:00:00,2023-08-25T15:00:00,14939.75,14890.5,14853.5,14853.5,opposite_10,short_exit_opposite_10,4,same_side_trade_within_5_bars_but_price_diff
2023-08-26T00:00:00,short,-113.0,no_near_match,,,,2023-08-26T00:15:00,,14760.25,,14816.75,,atr_stop,,,no_same_side_trade_within_5_bars
2023-09-06T23:15:00,short,-11.5,near_match_price_diff,2023-09-07T00:00:00,short,-46.0,2023-09-07T05:00:00,2023-09-07T05:00:00,15392.5,15375.25,15398.25,15398.25,opposite_10,short_exit_opposite_10,3,same_side_trade_within_5_bars_but_price_diff
2023-09-29T00:45:00,long,-37.5,no_near_match,,,,2023-09-29T09:15:00,,14880.25,,14861.5,,opposite_10,,,no_same_side_trade_within_5_bars
2023-09-30T02:00:00,short,-128.0,near_match_entry_shift,2023-09-30T02:15:00,short,-48.5,2023-10-02T07:15:00,2023-09-30T05:00:00,14896.25,14843.25,14960.25,14867.5,atr_stop,short_atr_stop,1,same_side_trade_within_1_bar
2023-10-03T21:45:00,short,-89.5,no_near_match,,,,2023-10-03T22:45:00,,14863.5,,14908.25,,atr_stop,,,no_same_side_trade_within_5_bars
2023-10-03T23:15:00,short,283.0,near_match_entry_shift,2023-10-03T23:30:00,short,205.5,2023-10-04T17:30:00,2023-10-04T17:30:00,14816.0,14777.25,14674.5,14674.5,opposite_10,short_exit_opposite_10,1,same_side_trade_within_1_bar
2023-10-17T21:45:00,short,-58.5,near_match_entry_shift,2023-10-17T22:00:00,short,-85.0,2023-10-18T00:30:00,2023-10-17T23:45:00,15202.0,15166.25,15231.25,15208.75,atr_stop,short_atr_stop,1,same_side_trade_within_1_bar
2023-11-02T08:30:00,long,22.5,near_match_entry_shift,2023-11-02T08:15:00,long,30.5,2023-11-02T15:15:00,2023-11-02T15:15:00,14783.5,14779.5,14794.75,14794.75,opposite_10,long_exit_opposite_10,-1,same_side_trade_within_1_bar
2023-12-04T22:45:00,short,95.5,near_match_entry_shift,2023-12-04T23:00:00,short,70.0,2023-12-05T06:00:00,2023-12-05T06:00:00,15919.0,15906.25,15871.25,15871.25,opposite_10,short_exit_opposite_10,1,same_side_trade_within_1_bar
2024-01-02T20:30:00,short,329.0,near_match_entry_shift,2024-01-02T20:45:00,short,301.5,2024-01-03T15:30:00,2024-01-03T15:30:00,16877.75,16864.0,16713.25,16713.25,opposite_10,short_exit_opposite_10,1,same_side_trade_within_1_bar
2024-01-10T01:15:00,long,119.5,near_match_entry_shift,2024-01-10T01:30:00,long,83.0,2024-01-10T14:30:00,2024-01-10T14:30:00,16761.75,16780.0,16821.5,16821.5,opposite_10,long_exit_opposite_10,1,same_side_trade_within_1_bar
2024-01-31T08:00:00,short,-46.0,near_match_entry_shift,2024-01-31T08:15:00,short,-7.0,2024-01-31T13:45:00,2024-01-31T13:45:00,17427.5,17447.0,17450.5,17450.5,opposite_10,short_exit_opposite_10,1,same_side_trade_within_1_bar
2024-02-01T04:45:00,long,-157.0,no_near_match,,,,2024-02-01T05:00:00,,17457.75,,17379.25,,atr_stop,,,no_same_side_trade_within_5_bars
2024-02-02T00:30:00,long,-189.5,no_near_match,,,,2024-02-02T01:00:00,,17368.25,,17273.5,,atr_stop,,,no_same_side_trade_within_5_bars
2024-02-02T23:00:00,short,-159.0,no_near_match,,,,2024-02-02T23:45:00,,17496.5,,17576.0,,atr_stop,,,no_same_side_trade_within_5_bars
2024-02-06T20:45:00,short,-96.5,no_near_match,,,,2024-02-06T22:15:00,,17680.0,,17728.25,,atr_stop,,,no_same_side_trade_within_5_bars
2024-02-07T00:00:00,short,37.0,near_match_entry_shift,2024-02-07T00:15:00,short,-10.5,2024-02-07T05:00:00,2024-02-07T05:00:00,17654.25,17630.5,17635.75,17635.75,opposite_10,short_exit_opposite_10,1,same_side_trade_within_1_bar
2024-02-07T10:15:00,long,-80.5,no_near_match,,,,2024-02-07T13:00:00,,17701.25,,17661.0,,atr_stop,,,no_same_side_trade_within_5_bars
2024-02-13T22:45:00,short,-123.0,near_match_price_diff,2024-02-13T23:15:00,short,-222.0,2024-02-14T00:30:00,2024-02-14T00:30:00,17680.5,17631.0,17742.0,17742.0,atr_stop,short_atr_stop,2,same_side_trade_within_5_bars_but_price_diff
2024-02-15T23:45:00,short,-61.5,near_match_entry_shift,2024-02-16T00:00:00,short,-4.5,2024-02-16T02:45:00,2024-02-16T00:30:00,17846.25,17817.0,17877.0,17819.25,opposite_10,short_atr_stop,1,same_side_trade_within_1_bar
2024-02-17T00:00:00,short,-163.0,no_near_match,,,,2024-02-17T01:15:00,,17776.75,,17858.25,,atr_stop,,,no_same_side_trade_within_5_bars
2024-02-19T23:30:00,long,-50.5,near_match_entry_shift,2024-02-19T23:45:00,long,-40.5,2024-02-20T08:15:00,2024-02-20T01:15:00,17789.25,17797.0,17764.0,17776.75,atr_stop,long_atr_stop,1,same_side_trade_within_1_bar
2024-03-06T00:45:00,short,-74.0,no_near_match,,,,2024-03-06T06:15:00,,17928.0,,17965.0,,opposite_10,,,no_same_side_trade_within_5_bars
2024-03-09T03:00:00,short,50.0,near_match_price_diff,2024-03-09T03:45:00,short,-287.0,2024-03-11T16:15:00,2024-03-09T04:45:00,18065.0,18028.0,18040.0,18171.5,opposite_10,short_atr_stop,3,same_side_trade_within_5_bars_but_price_diff
2024-04-03T23:15:00,long,-51.0,near_match_entry_shift,2024-04-03T23:30:00,long,-129.0,2024-04-04T04:15:00,2024-04-04T04:15:00,18370.25,18409.25,18344.75,18344.75,opposite_10,long_atr_stop,1,same_side_trade_within_1_bar
2024-04-06T00:00:00,long,-49.0,no_near_match,,,,2024-04-08T09:30:00,,18310.25,,18285.75,,opposite_10,,,no_same_side_trade_within_5_bars
2024-04-26T02:45:00,long,374.5,near_match_entry_shift,2024-04-26T03:00:00,long,306.5,2024-04-26T18:15:00,2024-04-26T18:15:00,17534.5,17568.5,17721.75,17721.75,opposite_10,long_exit_opposite_10,1,same_side_trade_within_1_bar
2024-05-02T23:15:00,short,-45.5,no_near_match,,,,2024-05-02T23:45:00,,17445.0,,17467.75,,atr_stop,,,no_same_side_trade_within_5_bars
2024-05-24T03:00:00,short,-5.5,near_match_entry_shift,2024-05-24T03:15:00,short,-29.5,2024-05-24T09:45:00,2024-05-24T09:45:00,18716.5,18704.5,18719.25,18719.25,opposite_10,short_exit_opposite_10,1,same_side_trade_within_1_bar
2024-05-29T21:45:00,short,-98.0,no_near_match,,,,2024-05-29T23:00:00,,18782.25,,18831.25,,atr_stop,,,no_same_side_trade_within_5_bars
2024-05-30T19:45:00,long,-30.5,near_match_entry_shift,2024-05-30T20:00:00,long,-42.0,2024-05-30T22:45:00,2024-05-30T22:45:00,18750.25,18756.0,18735.0,18735.0,atr_stop,long_atr_stop,1,same_side_trade_within_1_bar
2024-06-27T22:45:00,long,-30.5,no_near_match,,,,2024-06-27T23:00:00,,20075.0,,20059.75,,atr_stop,,,no_same_side_trade_within_5_bars
2024-07-12T03:00:00,short,-78.5,no_near_match,,,,2024-07-12T15:30:00,,20391.0,,20430.25,,opposite_10,,,no_same_side_trade_within_5_bars
2024-07-15T14:45:00,long,35.0,possible_entry_hour_block,,,,2024-07-15T23:00:00,,20610.0,,20627.5,,atr_stop,,,next_bar_hour_in_blocked_entry_hours
2024-07-16T02:45:00,short,-136.0,no_near_match,,,,2024-07-16T07:30:00,,20578.0,,20646.0,,opposite_10,,,no_same_side_trade_within_5_bars
2024-08-02T00:45:00,short,2473.0,near_match_price_diff,2024-08-02T01:45:00,short,2367.5,2024-08-05T17:15:00,2024-08-05T17:15:00,19160.25,19107.5,17923.75,17923.75,opposite_10,short_exit_opposite_10,4,same_side_trade_within_5_bars_but_price_diff
2024-08-26T23:30:00,short,70.5,near_match_entry_shift,2024-08-26T23:45:00,short,-130.0,2024-08-27T09:30:00,2024-08-27T00:15:00,19617.0,19544.25,19581.75,19609.25,opposite_10,short_atr_stop,1,same_side_trade_within_1_bar
2024-08-27T23:45:00,long,-81.0,near_match_entry_shift,2024-08-28T00:00:00,long,-131.5,2024-08-28T07:15:00,2024-08-28T00:45:00,19651.0,19669.0,19610.5,19603.25,opposite_10,long_atr_stop,1,same_side_trade_within_1_bar
2024-09-30T21:00:00,short,-115.5,no_near_match,,,,2024-09-30T22:15:00,,20130.0,,20187.75,,atr_stop,,,no_same_side_trade_within_5_bars
2024-10-01T23:00:00,short,82.5,near_match_entry_shift,2024-10-01T23:15:00,short,-107.5,2024-10-02T03:00:00,2024-10-02T03:00:00,20040.0,19945.0,19998.75,19998.75,opposite_10,short_exit_opposite_10,1,same_side_trade_within_1_bar
2024-10-16T23:00:00,short,-157.5,no_near_match,,,,2024-10-16T23:15:00,,20224.5,,20303.25,,atr_stop,,,no_same_side_trade_within_5_bars
2024-10-18T09:30:00,short,-94.0,no_near_match,,,,2024-10-18T11:45:00,,20338.25,,20385.25,,atr_stop,,,no_same_side_trade_within_5_bars
2024-10-21T18:30:00,short,-10.5,no_near_match,,,,2024-10-21T22:30:00,,20422.5,,20427.75,,opposite_10,,,no_same_side_trade_within_5_bars
2024-10-24T00:15:00,short,154.5,near_match_entry_shift,2024-10-24T00:30:00,short,100.5,2024-10-24T05:15:00,2024-10-24T05:15:00,20337.0,20310.0,20259.75,20259.75,opposite_10,short_exit_opposite_10,1,same_side_trade_within_1_bar
2024-10-29T13:00:00,short,-80.5,no_near_match,,,,2024-10-29T14:30:00,,20460.75,,20501.0,,atr_stop,,,no_same_side_trade_within_5_bars
2024-10-31T07:15:00,short,199.5,no_near_match,,,,2024-10-31T20:00:00,,20440.75,,20341.0,,opposite_10,,,no_same_side_trade_within_5_bars
2024-10-31T22:45:00,short,329.0,near_match_entry_shift,2024-10-31T23:00:00,short,141.5,2024-11-01T12:15:00,2024-11-01T12:15:00,20260.0,20166.25,20095.5,20095.5,opposite_10,short_exit_opposite_10,1,same_side_trade_within_1_bar
2024-11-01T22:45:00,long,15.0,near_match_entry_shift,2024-11-01T23:00:00,long,-16.0,2024-11-02T03:00:00,2024-11-02T03:00:00,20150.25,20165.75,20157.75,20157.75,opposite_10,long_exit_opposite_10,1,same_side_trade_within_1_bar
2024-11-15T08:15:00,short,189.5,no_near_match,,,,2024-11-15T20:15:00,,20948.0,,20853.25,,opposite_10,,,no_same_side_trade_within_5_bars
2024-11-28T00:30:00,short,-42.5,near_match_price_diff,2024-11-28T01:15:00,short,-142.5,2024-11-28T03:45:00,2024-11-28T03:45:00,20775.0,20725.0,20796.25,20796.25,opposite_10,short_atr_stop,3,same_side_trade_within_5_bars_but_price_diff
2024-12-21T01:45:00,long,-341.5,near_match_price_diff,2024-12-21T02:30:00,long,-277.5,2024-12-21T05:45:00,2024-12-21T04:15:00,21781.0,21810.75,21610.25,21672.0,atr_stop,long_atr_stop,3,same_side_trade_within_5_bars_but_price_diff
2024-12-31T18:15:00,long,2.0,near_match_entry_shift,2024-12-31T18:30:00,long,-51.5,2024-12-31T22:00:00,2024-12-31T22:00:00,21464.75,21491.5,21465.75,21465.75,opposite_10,long_exit_opposite_10,1,same_side_trade_within_1_bar
2025-01-08T00:15:00,short,351.0,near_match_price_diff,2025-01-08T00:45:00,short,-120.5,2025-01-08T09:15:00,2025-01-08T01:15:00,21579.75,21454.25,21404.25,21514.5,opposite_10,short_atr_stop,2,same_side_trade_within_5_bars_but_price_diff
2025-01-15T22:45:00,long,18.0,no_near_match,,,,2025-01-15T23:45:00,,21289.0,,21298.0,,atr_stop,,,no_same_side_trade_within_5_bars
2025-01-16T05:15:00,long,-95.5,near_match_entry_shift,2025-01-16T05:30:00,long,-101.0,2025-01-16T11:30:00,2025-01-16T11:30:00,21437.0,21439.75,21389.25,21389.25,opposite_10,long_exit_opposite_10,1,same_side_trade_within_1_bar
2025-01-17T03:45:00,short,101.5,near_match_entry_shift,2025-01-17T04:00:00,short,68.0,2025-01-17T10:15:00,2025-01-17T10:15:00,21306.75,21290.0,21256.0,21256.0,opposite_10,short_exit_opposite_10,1,same_side_trade_within_1_bar
2025-01-27T13:45:00,short,685.0,near_match_price_diff,2025-01-27T14:30:00,short,603.5,2025-01-27T22:15:00,2025-01-27T22:15:00,21484.0,21443.25,21141.5,21141.5,opposite_10,short_exit_opposite_10,3,same_side_trade_within_5_bars_but_price_diff
2025-02-04T00:30:00,long,248.0,near_match_entry_shift,2025-02-04T00:45:00,long,76.0,2025-02-04T11:45:00,2025-02-04T11:45:00,21352.75,21438.75,21476.75,21476.75,opposite_10,long_exit_opposite_10,1,same_side_trade_within_1_bar
2025-02-22T00:00:00,short,708.0,near_match_price_diff,2025-02-22T00:30:00,short,527.0,2025-02-24T08:15:00,2025-02-24T08:15:00,22096.0,22005.5,21742.0,21742.0,opposite_10,short_exit_opposite_10,2,same_side_trade_within_5_bars_but_price_diff
2025-04-23T19:45:00,long,-43.5,near_match_entry_shift,2025-04-23T20:00:00,long,-84.5,2025-04-24T01:00:00,2025-04-24T01:00:00,18898.5,18919.0,18876.75,18876.75,atr_stop,long_atr_stop,1,same_side_trade_within_1_bar
2025-05-21T18:45:00,short,-130.5,no_near_match,,,,2025-05-21T20:30:00,,21272.25,,21337.5,,atr_stop,,,no_same_side_trade_within_5_bars
2025-05-31T01:30:00,short,-330.5,near_match_entry_shift,2025-05-31T01:45:00,short,-295.0,2025-05-31T04:15:00,2025-05-31T03:30:00,21176.0,21133.0,21341.25,21280.5,atr_stop,short_atr_stop,1,same_side_trade_within_1_bar
2025-06-06T02:00:00,short,179.0,no_near_match,,,,2025-06-06T10:45:00,,21687.5,,21598.0,,opposite_10,,,no_same_side_trade_within_5_bars
2025-06-13T09:00:00,short,399.5,near_match_entry_shift,2025-06-13T09:15:00,short,242.5,2025-06-13T15:15:00,2025-06-13T15:15:00,21785.0,21706.5,21585.25,21585.25,opposite_10,short_exit_opposite_10,1,same_side_trade_within_1_bar
2025-06-19T04:00:00,short,71.5,no_near_match,,,,2025-06-19T13:00:00,,21918.25,,21882.5,,opposite_10,,,no_same_side_trade_within_5_bars
2025-06-19T21:45:00,short,-105.5,near_match_price_diff,2025-06-19T22:45:00,short,-216.5,2025-06-20T07:15:00,2025-06-20T07:15:00,21778.0,21722.5,21830.75,21830.75,atr_stop,short_atr_stop,4,same_side_trade_within_5_bars_but_price_diff
2025-07-08T03:30:00,short,-141.0,no_near_match,,,,2025-07-08T04:15:00,,22786.25,,22856.75,,atr_stop,,,no_same_side_trade_within_5_bars
2025-08-01T03:15:00,short,77.0,no_near_match,,,,2025-08-01T10:30:00,,23352.75,,23314.25,,opposite_10,,,no_same_side_trade_within_5_bars
2025-08-19T23:30:00,short,483.5,near_match_entry_shift,2025-08-19T23:45:00,short,397.0,2025-08-20T15:45:00,2025-08-20T15:45:00,23627.0,23583.75,23385.25,23385.25,opposite_10,short_exit_opposite_10,1,same_side_trade_within_1_bar
2025-09-05T23:30:00,short,-33.5,near_match_entry_shift,2025-09-05T23:45:00,short,-123.0,2025-09-06T04:15:00,2025-09-06T04:15:00,23653.75,23609.0,23670.5,23670.5,opposite_10,short_exit_opposite_10,1,same_side_trade_within_1_bar
2025-09-25T21:45:00,short,-93.0,near_match_price_diff,2025-09-25T22:45:00,short,-49.5,2025-09-25T23:30:00,2025-09-25T23:00:00,24573.5,24427.75,24620.0,24452.5,atr_stop,short_atr_stop,4,same_side_trade_within_5_bars_but_price_diff
2025-10-01T23:30:00,long,329.0,near_match_price_diff,2025-10-02T00:45:00,long,235.5,2025-10-02T22:45:00,2025-10-02T22:45:00,24884.0,24930.75,25048.5,25048.5,opposite_10,long_exit_opposite_10,5,same_side_trade_within_5_bars_but_price_diff
2025-10-11T00:15:00,short,552.0,near_match_entry_shift,2025-10-11T00:30:00,short,71.0,2025-10-13T09:00:00,2025-10-13T09:00:00,25062.75,24822.25,24786.75,24786.75,opposite_10,short_exit_opposite_10,1,same_side_trade_within_1_bar
2025-10-16T23:45:00,long,-92.0,no_near_match,,,,2025-10-17T00:15:00,,25169.5,,25123.5,,atr_stop,,,no_same_side_trade_within_5_bars
2025-10-23T02:45:00,short,-301.0,no_near_match,,,,2025-10-23T04:15:00,,24830.0,,24980.5,,atr_stop,,,no_same_side_trade_within_5_bars
2025-11-15T00:45:00,long,265.0,no_near_match,,,,2025-11-17T19:30:00,,25093.75,,25226.25,,opposite_10,,,no_same_side_trade_within_5_bars
2025-11-25T18:00:00,short,-118.5,near_match_price_diff,2025-11-25T18:30:00,short,-85.0,2025-11-25T21:15:00,2025-11-25T19:45:00,24867.0,24828.75,24926.25,24871.25,atr_stop,short_atr_stop,2,same_side_trade_within_5_bars_but_price_diff
2025-12-11T11:45:00,short,95.0,near_match_entry_shift,2025-12-11T12:00:00,short,34.0,2025-12-11T16:45:00,2025-12-11T16:45:00,25579.25,25548.75,25531.75,25531.75,opposite_10,short_exit_opposite_10,1,same_side_trade_within_1_bar
2025-12-11T21:15:00,long,-112.0,near_match_entry_shift,2025-12-11T21:30:00,long,-181.5,2025-12-11T23:45:00,2025-12-11T23:45:00,25643.0,25677.75,25587.0,25587.0,atr_stop,long_atr_stop,1,same_side_trade_within_1_bar
2025-12-12T18:30:00,short,-68.5,near_match_entry_shift,2025-12-12T18:45:00,short,-93.0,2025-12-12T23:00:00,2025-12-12T19:15:00,25590.75,25572.25,25625.0,25618.75,opposite_10,short_atr_stop,1,same_side_trade_within_1_bar
2026-01-09T00:00:00,short,-149.0,no_near_match,,,,2026-01-09T00:15:00,,25603.25,,25677.75,,atr_stop,,,no_same_side_trade_within_5_bars
2026-01-14T19:30:00,short,-59.5,near_match_entry_shift,2026-01-14T19:45:00,short,-94.5,2026-01-14T22:30:00,2026-01-14T22:30:00,25770.25,25752.75,25800.0,25800.0,opposite_10,short_atr_stop,1,same_side_trade_within_1_bar
2026-01-15T20:15:00,long,-11.0,no_near_match,,,,2026-01-16T04:15:00,,25845.5,,25840.0,,opposite_10,,,no_same_side_trade_within_5_bars
2026-01-17T00:30:00,short,-137.5,near_match_entry_shift,2026-01-17T00:45:00,short,-135.0,2026-01-17T01:45:00,2026-01-17T01:15:00,25668.75,25622.75,25737.5,25690.25,atr_stop,short_atr_stop,1,same_side_trade_within_1_bar
2026-01-31T03:00:00,short,662.0,near_match_entry_shift,2026-01-31T03:15:00,short,647.0,2026-02-02T17:00:00,2026-02-02T17:00:00,25679.5,25672.0,25348.5,25348.5,opposite_10,short_exit_opposite_10,1,same_side_trade_within_1_bar
2026-02-02T23:45:00,long,257.0,near_match_entry_shift,2026-02-03T00:00:00,long,188.0,2026-02-03T05:00:00,2026-02-03T05:00:00,25718.75,25753.25,25847.25,25847.25,opposite_10,long_exit_opposite_10,1,same_side_trade_within_1_bar
2026-02-13T01:15:00,short,290.0,near_match_entry_shift,2026-02-13T01:30:00,short,48.5,2026-02-13T18:30:00,2026-02-13T18:30:00,24939.75,24819.0,24794.75,24794.75,opposite_10,short_exit_opposite_10,1,same_side_trade_within_1_bar
2026-02-20T20:15:00,short,-115.5,no_near_match,,,,2026-02-20T23:45:00,,24867.75,,24925.5,,atr_stop,,,no_same_side_trade_within_5_bars
2026-02-24T00:45:00,short,-14.0,near_match_entry_shift,2026-02-24T01:00:00,short,-184.0,2026-02-24T11:15:00,2026-02-24T11:15:00,24828.75,24743.75,24835.75,24835.75,opposite_10,short_exit_opposite_10,1,same_side_trade_within_1_bar
2026-02-27T00:30:00,short,-132.0,no_near_match,,,,2026-02-27T01:00:00,,24933.0,,24999.0,,atr_stop,,,no_same_side_trade_within_5_bars
2026-02-27T22:30:00,short,-136.5,near_match_entry_shift,2026-02-27T22:45:00,short,-80.0,2026-02-28T00:15:00,2026-02-28T00:00:00,24886.0,24840.5,24954.25,24880.5,atr_stop,short_atr_stop,1,same_side_trade_within_1_bar
2026-03-02T08:15:00,short,-184.5,no_near_match,,,,2026-03-02T10:45:00,,24777.25,,24869.5,,atr_stop,,,no_same_side_trade_within_5_bars
2026-03-04T19:15:00,long,-239.5,no_near_match,,,,2026-03-04T21:30:00,,24851.25,,24731.5,,atr_stop,,,no_same_side_trade_within_5_bars
2026-03-05T00:30:00,long,-39.0,near_match_price_diff,2026-03-05T01:45:00,long,-81.0,2026-03-05T06:00:00,2026-03-05T06:00:00,25139.0,25160.0,25119.5,25119.5,opposite_10,long_exit_opposite_10,5,same_side_trade_within_5_bars_but_price_diff
2026-03-06T11:15:00,long,-128.0,near_match_entry_shift,2026-03-06T11:30:00,long,-141.5,2026-03-06T17:30:00,2026-03-06T17:30:00,25102.5,25109.25,25038.5,25038.5,opposite_10,long_exit_opposite_10,1,same_side_trade_within_1_bar
2026-03-06T18:30:00,short,1641.5,near_match_entry_shift,2026-03-06T18:45:00,short,1573.5,2026-03-09T14:15:00,2026-03-09T14:15:00,24961.25,24927.25,24140.5,24140.5,opposite_10,short_exit_opposite_10,1,same_side_trade_within_1_bar
2026-03-09T23:45:00,long,611.5,near_match_entry_shift,2026-03-10T00:00:00,long,582.5,2026-03-10T09:15:00,2026-03-10T09:15:00,24535.5,24550.0,24841.25,24841.25,opposite_10,long_exit_opposite_10,1,same_side_trade_within_1_bar
2026-03-17T12:00:00,short,-88.0,no_near_match,,,,2026-03-17T14:00:00,,24579.0,,24623.0,,opposite_10,,,no_same_side_trade_within_5_bars
2026-03-17T21:45:00,long,794.5,no_near_match,,,,2026-03-18T20:30:00,,24709.5,,25106.75,,opposite_10,,,no_same_side_trade_within_5_bars
2026-03-18T21:15:00,short,785.5,near_match_entry_shift,2026-03-18T21:30:00,short,738.5,2026-03-19T10:45:00,2026-03-19T10:45:00,25048.0,25024.5,24655.25,24655.25,opposite_10,short_exit_opposite_10,1,same_side_trade_within_1_bar
2026-03-20T04:15:00,long,-145.0,no_near_match,,,,2026-03-20T14:00:00,,24658.5,,24586.0,,opposite_10,,,no_same_side_trade_within_5_bars
2026-03-25T05:30:00,long,-133.0,no_near_match,,,,2026-03-25T11:15:00,,24422.0,,24355.5,,opposite_10,,,no_same_side_trade_within_5_bars
2026-04-02T23:45:00,long,-64.5,no_near_match,,,,2026-04-03T11:30:00,,24201.0,,24168.75,,opposite_10,,,no_same_side_trade_within_5_bars
2026-05-22T02:30:00,long,189.0,near_match_entry_shift,2026-05-22T02:45:00,long,-313.0,2026-05-22T18:15:00,2026-05-22T04:00:00,29412.5,29493.75,29507.0,29337.25,opposite_10,long_atr_stop,1,same_side_trade_within_1_bar
2026-06-05T10:15:00,short,-218.0,near_match_entry_shift,2026-06-05T10:30:00,short,-219.5,2026-06-05T11:30:00,2026-06-05T11:00:00,30124.25,30085.75,30233.25,30195.5,atr_stop,short_atr_stop,1,same_side_trade_within_1_bar
